epoch,time,train/box_loss,train/cls_loss,train/dfl_loss,metrics/precision(B),metrics/recall(B),metrics/mAP50(B),metrics/mAP50-95(B),val/box_loss,val/cls_loss,val/dfl_loss,lr/pg0,lr/pg1,lr/pg2,lr/pg3,lr/pg4,lr/pg5,lr/pg6,lr/pg7
1,91.0463,1.70891,4.57242,0.0043,7e-05,0.00522,4e-05,3e-05,1.17331,4.65697,0.0036,0.00196721,0.000655738,0.00196721,0.000655738,0.00196721,0.000655738,0.00196721,0.000655738
2,183.44,1.43851,2.64982,0.0035,0.75189,0.76722,0.84217,0.51005,1.32752,2.63721,0.00421,0.00388866,0.00129622,0.00388866,0.00129622,0.00388866,0.00129622,0.00388866,0.00129622
3,269.082,1.36711,1.74714,0.00323,0.84735,0.85178,0.91983,0.58717,1.23923,1.65835,0.00388,0.00573091,0.0019103,0.00573091,0.0019103,0.00573091,0.0019103,0.00573091,0.0019103
4,357.389,1.30793,1.27741,0.00307,0.87466,0.86117,0.94147,0.60673,1.19024,1.25557,0.00371,0.0056436,0.0018812,0.0056436,0.0018812,0.0056436,0.0018812,0.0056436,0.0018812
5,444.865,1.2773,1.05164,0.003,0.90209,0.88935,0.95539,0.6202,1.21408,0.98954,0.00382,0.0055248,0.0018416,0.0055248,0.0018416,0.0055248,0.0018416,0.0055248,0.0018416
6,536.148,1.27473,0.91945,0.00307,0.92719,0.90394,0.95829,0.6443,1.16078,0.83089,0.0036,0.005406,0.001802,0.005406,0.001802,0.005406,0.001802,0.005406,0.001802
7,614.594,1.20894,0.76589,0.00277,0.9362,0.93438,0.974,0.6627,1.12166,0.69472,0.00348,0.0052872,0.0017624,0.0052872,0.0017624,0.0052872,0.0017624,0.0052872,0.0017624
8,695.852,1.18244,0.6942,0.00281,0.92895,0.94259,0.97845,0.65956,1.12229,0.64711,0.00346,0.0051684,0.0017228,0.0051684,0.0017228,0.0051684,0.0017228,0.0051684,0.0017228
9,778.535,1.20357,0.63323,0.00282,0.94499,0.95046,0.97022,0.66483,1.13515,0.59638,0.00349,0.0050496,0.0016832,0.0050496,0.0016832,0.0050496,0.0016832,0.0050496,0.0016832
10,855.078,1.15955,0.58307,0.00264,0.94971,0.9463,0.97184,0.67775,1.08076,0.54031,0.00334,0.0049308,0.0016436,0.0049308,0.0016436,0.0049308,0.0016436,0.0049308,0.0016436
11,938.892,1.17735,0.57117,0.00284,0.9495,0.94206,0.9797,0.68663,1.08549,0.52957,0.00335,0.004812,0.001604,0.004812,0.001604,0.004812,0.001604,0.004812,0.001604
12,1012.59,1.15943,0.53188,0.00272,0.96355,0.95407,0.98268,0.70025,1.05692,0.48281,0.00325,0.0046932,0.0015644,0.0046932,0.0015644,0.0046932,0.0015644,0.0046932,0.0015644
13,1089.49,1.13557,0.51394,0.00268,0.94195,0.95825,0.97732,0.70255,1.05353,0.4738,0.00322,0.0045744,0.0015248,0.0045744,0.0015248,0.0045744,0.0015248,0.0045744,0.0015248
14,1165.16,1.12431,0.49375,0.00267,0.95978,0.9572,0.98474,0.71955,1.01953,0.44241,0.00311,0.0044556,0.0014852,0.0044556,0.0014852,0.0044556,0.0014852,0.0044556,0.0014852
15,1243.56,1.11285,0.46769,0.00258,0.95977,0.9739,0.98574,0.72341,1.01078,0.41711,0.0031,0.0043368,0.0014456,0.0043368,0.0014456,0.0043368,0.0014456,0.0043368,0.0014456
16,1342.39,1.07045,0.43748,0.00253,0.96716,0.96973,0.98813,0.71935,1.04866,0.41552,0.00325,0.004218,0.001406,0.004218,0.001406,0.004218,0.001406,0.004218,0.001406
17,1416.79,1.10595,0.45921,0.00261,0.9585,0.96347,0.98627,0.73681,0.97916,0.39507,0.003,0.0040992,0.0013664,0.0040992,0.0013664,0.0040992,0.0013664,0.0040992,0.0013664
18,1489.43,1.05429,0.42918,0.00243,0.96493,0.97639,0.98711,0.74558,0.97727,0.37487,0.003,0.0039804,0.0013268,0.0039804,0.0013268,0.0039804,0.0013268,0.0039804,0.0013268
19,1562.2,1.06348,0.41478,0.00243,0.97492,0.9572,0.98892,0.75403,0.9468,0.36532,0.00289,0.0038616,0.0012872,0.0038616,0.0012872,0.0038616,0.0012872,0.0038616,0.0012872
20,1672.05,1.0341,0.39564,0.00238,0.9778,0.96564,0.98666,0.74722,0.97889,0.34659,0.003,0.0037428,0.0012476,0.0037428,0.0012476,0.0037428,0.0012476,0.0037428,0.0012476
21,1772.74,1.03517,0.39461,0.00238,0.96802,0.96347,0.98684,0.7556,0.94605,0.33775,0.00291,0.003624,0.001208,0.003624,0.001208,0.003624,0.001208,0.003624,0.001208
22,1842.14,1.02209,0.38327,0.00238,0.9667,0.96959,0.98932,0.75173,0.95028,0.33356,0.00294,0.0035052,0.0011684,0.0035052,0.0011684,0.0035052,0.0011684,0.0035052,0.0011684
23,1921.88,1.00926,0.37439,0.00236,0.96759,0.9662,0.98837,0.72441,1.04858,0.35459,0.00328,0.0033864,0.0011288,0.0033864,0.0011288,0.0033864,0.0011288,0.0033864,0.0011288
24,2000.79,1.01827,0.37845,0.00234,0.96575,0.97139,0.98886,0.76093,0.94647,0.33013,0.00294,0.0032676,0.0010892,0.0032676,0.0010892,0.0032676,0.0010892,0.0032676,0.0010892
25,2076.03,0.99968,0.37049,0.00235,0.9708,0.97178,0.9896,0.77311,0.90773,0.32012,0.00279,0.0031488,0.0010496,0.0031488,0.0010496,0.0031488,0.0010496,0.0031488,0.0010496
26,2146.12,1.00733,0.37181,0.00234,0.97391,0.97424,0.98928,0.76423,0.92837,0.30634,0.00289,0.00303,0.00101,0.00303,0.00101,0.00303,0.00101,0.00303,0.00101
27,2260.43,0.98378,0.35497,0.00228,0.98126,0.95825,0.98782,0.77387,0.88028,0.3128,0.00272,0.0029112,0.0009704,0.0029112,0.0009704,0.0029112,0.0009704,0.0029112,0.0009704
28,2431.26,0.97173,0.35438,0.00223,0.97687,0.97008,0.99009,0.77642,0.87891,0.32304,0.00269,0.0027924,0.0009308,0.0027924,0.0009308,0.0027924,0.0009308,0.0027924,0.0009308
29,2514.41,0.97323,0.35504,0.00227,0.97001,0.98121,0.98812,0.76732,0.92146,0.30979,0.00287,0.0026736,0.0008912,0.0026736,0.0008912,0.0026736,0.0008912,0.0026736,0.0008912
30,2655.12,0.94367,0.33757,0.00215,0.98204,0.97011,0.9901,0.78431,0.876,0.30378,0.00268,0.0025548,0.0008516,0.0025548,0.0008516,0.0025548,0.0008516,0.0025548,0.0008516
31,2722.18,0.9563,0.33118,0.00216,0.97367,0.96485,0.98897,0.77795,0.88848,0.29581,0.00274,0.002436,0.000812,0.002436,0.000812,0.002436,0.000812,0.002436,0.000812
32,2796.37,0.94701,0.33459,0.00216,0.97301,0.97286,0.99094,0.78503,0.87012,0.28807,0.00266,0.0023172,0.0007724,0.0023172,0.0007724,0.0023172,0.0007724,0.0023172,0.0007724
33,2872.47,0.9427,0.33479,0.00211,0.97507,0.97976,0.99092,0.78517,0.84905,0.28686,0.00259,0.0021984,0.0007328,0.0021984,0.0007328,0.0021984,0.0007328,0.0021984,0.0007328
34,2950.82,0.92941,0.33353,0.00215,0.97573,0.9739,0.98702,0.77967,0.8618,0.28323,0.00264,0.0020796,0.0006932,0.0020796,0.0006932,0.0020796,0.0006932,0.0020796,0.0006932
35,3026.91,0.94049,0.32957,0.00212,0.98195,0.96549,0.98955,0.78188,0.86544,0.28564,0.00266,0.0019608,0.0006536,0.0019608,0.0006536,0.0019608,0.0006536,0.0019608,0.0006536
36,3099.95,0.94519,0.3381,0.0022,0.96599,0.98225,0.99038,0.7894,0.85246,0.28084,0.00263,0.001842,0.000614,0.001842,0.000614,0.001842,0.000614,0.001842,0.000614
37,3169.01,0.92472,0.32635,0.0021,0.97296,0.9739,0.98688,0.79032,0.84008,0.28508,0.00257,0.0017232,0.0005744,0.0017232,0.0005744,0.0017232,0.0005744,0.0017232,0.0005744
38,3245.76,0.91759,0.32322,0.0021,0.9841,0.96919,0.98966,0.7896,0.85809,0.28688,0.00264,0.0016044,0.0005348,0.0016044,0.0005348,0.0016044,0.0005348,0.0016044,0.0005348
39,3323.94,0.90465,0.31561,0.00209,0.97069,0.96795,0.98689,0.79062,0.84806,0.28688,0.0026,0.0014856,0.0004952,0.0014856,0.0004952,0.0014856,0.0004952,0.0014856,0.0004952
40,3397.37,0.93008,0.31956,0.00213,0.95784,0.97808,0.9896,0.79423,0.83741,0.28066,0.00254,0.0013668,0.0004556,0.0013668,0.0004556,0.0013668,0.0004556,0.0013668,0.0004556
41,3508.03,0.88988,0.29601,0.00248,0.97292,0.97498,0.99129,0.78968,0.85259,0.27919,0.00259,0.001248,0.000416,0.001248,0.000416,0.001248,0.000416,0.001248,0.000416
42,3603.94,0.85669,0.28226,0.00231,0.96684,0.97382,0.98909,0.78503,0.8681,0.2782,0.00265,0.0011292,0.0003764,0.0011292,0.0003764,0.0011292,0.0003764,0.0011292,0.0003764
43,3680.56,0.84431,0.28185,0.0023,0.97343,0.9739,0.98891,0.80008,0.83378,0.26689,0.00254,0.0010104,0.0003368,0.0010104,0.0003368,0.0010104,0.0003368,0.0010104,0.0003368
44,3761.39,0.83196,0.27065,0.00227,0.97401,0.97809,0.9897,0.80156,0.82631,0.26537,0.00251,0.0008916,0.0002972,0.0008916,0.0002972,0.0008916,0.0002972,0.0008916,0.0002972
45,3838.71,0.8279,0.2752,0.00226,0.96703,0.97974,0.99114,0.8017,0.82897,0.2636,0.00254,0.0007728,0.0002576,0.0007728,0.0002576,0.0007728,0.0002576,0.0007728,0.0002576
46,3909.05,0.81953,0.26954,0.00225,0.97798,0.97353,0.99018,0.80581,0.81284,0.26109,0.00247,0.000654,0.000218,0.000654,0.000218,0.000654,0.000218,0.000654,0.000218
47,3978.51,0.80614,0.26475,0.00221,0.97496,0.97558,0.99005,0.80107,0.82389,0.25855,0.00251,0.0005352,0.0001784,0.0005352,0.0001784,0.0005352,0.0001784,0.0005352,0.0001784
48,4043.77,0.81647,0.26659,0.00224,0.97474,0.97077,0.99015,0.80633,0.80905,0.26595,0.00247,0.0004164,0.0001388,0.0004164,0.0001388,0.0004164,0.0001388,0.0004164,0.0001388
49,4110.98,0.82518,0.26822,0.00224,0.96957,0.97808,0.99021,0.80761,0.80565,0.2602,0.00245,0.0002976,9.92e-05,0.0002976,9.92e-05,0.0002976,9.92e-05,0.0002976,9.92e-05
50,4170.26,0.80915,0.26426,0.0022,0.96807,0.9812,0.99029,0.81031,0.7979,0.25668,0.00243,0.0001788,5.96e-05,0.0001788,5.96e-05,0.0001788,5.96e-05,0.0001788,5.96e-05
